{
  "service-instance-id": {
    "name": "service-instance-id",
    "tags": "service-instance-id, tosca.datatypes.Root, data_type",
    "updated-by": "Singal, Kapil <ks220y@att.com>",
    "property": {
      "description": "To be provided",
      "type": "string"
    },
    "sources": {
      "input": {
        "type": "source-input",
        "properties": {}
      }
    }
  },
  "vnf-id": {
    "name": "vnf-id",
    "tags": "vnf-id",
    "updated-by": "Singal, Kapil <ks220y@att.com>",
    "property": {
      "description": "vnf-id",
      "type": "string"
    },
    "sources": {
      "input": {
        "type": "source-input",
        "properties": {}
      }
    }
  }
}