{
  "tosca_definitions_version" : "controller_blueprint_1_0_0",
  "metadata" : {
    "template_author" : "Alexis de Talhouët",
    "author-email" : "adetalhouet89@gmail.com",
    "user-groups" : "ADMIN, OPERATION",
    "template_name" : "test",
    "template_version" : "1.0.0",
    "template_tags" : "test"
  },
  "imports" : [ {
    "file" : "Definitions/data_types.json"
  }, {
    "file" : "Definitions/relationship_types.json"
  }, {
    "file" : "Definitions/artifact_types.json"
  }, {
    "file" : "Definitions/node_types.json"
  }, {
    "file" : "Definitions/policy_types.json"
  } ],
  "dsl_definitions" : {
    "config-deploy-properties": {
      "artifact-name" : {"get_input" : "artifact-name"},
      "resolution-key" : {"get_input" : "resolution-key"}
    }
  },
  "topology_template" : {
    "workflows" : {
      "resource-assignment" : {
        "steps" : {
          "resource-assignment-process" : {
            "description" : "Resource Assign Workflow",
            "target" : "resource-assignment-process",
            "activities" : [ {
              "call_operation" : ""
            } ]
          }
        },
        "inputs" : {
          "template-prefix" : {
            "required" : true,
            "type" : "list",
            "entry_schema" : {
              "type" : "string"
            }
          },
          "store" : {
            "required" : true,
            "type" : "boolean"
          },
          "key" : {
            "required" : true,
            "type" : "string"
          },
          "resource-assignment-properties" : {
            "description" : "Dynamic PropertyDefinition for workflow(resource-assignment).",
            "required" : true,
            "type" : "dt-resource-assignment-properties"
          }
        }
      },
      "config-deploy" : {
        "steps" : {
          "config-deploy" : {
            "description" : "Resource Assign and Python Netconf Activation Workflow",
            "target" : "config-deploy-process",
            "activities" : [ {
              "call_operation" : ""
            } ]
          }
        },
        "inputs" : {
            "resolution-key" : {
              "required" : false,
              "type" : "string"
            },
            "artifact-name" : {
              "required" : false,
              "type" : "string"
            },
            "username" : {
              "required" : true,
              "type" : "string"
            },
          "password" : {
            "required" : true,
            "type" : "string"
          },
          "username" : {
            "required" : true,
            "type" : "string"
          },
          "ip" : {
            "required" : true,
            "type" : "string"
          },
          "config-deploy-properties" : {
            "description" : "Dynamic PropertyDefinition for workflow(config-deploy).",
            "required" : true,
            "type" : "dt-config-deploy-properties"
          }
        }
      }
    },
    "node_templates" : {
      "resource-assignment-process" : {
        "type" : "dg-generic",
        "properties" : {
          "content" : {
            "get_artifact" : [ "SELF", "dg-aresource-assignment-process" ]
          },
          "dependency-node-templates" : [ "resource-assignment" ]
        },
        "artifacts" : {
          "dg-resource-assignment-process" : {
            "type" : "artifact-directed-graph",
            "file" : "Plans/ResourceAssignment.xml"
          }
        }
      },
      "resource-assignment" : {
        "type" : "component-resource-resolution",
        "interfaces" : {
          "ResourceResolutionComponent" : {
            "operations" : {
              "process" : {
                "inputs" : {
                  "key": {"get_input" : "key"},
                  "store-result": {"get_input" : "store"},
                  "artifact-prefix-names" : {
                    "get_input" : "template-prefix"
                  }
                },
                "outputs" : {
                  "resource-assignment-params" : {
                    "get_attribute" : [ "SELF", "assignment-params" ]
                  },
                  "status" : "success"
                }
              }
            }
          }
        },
        "artifacts" : {
          "vf-module-1-template" : {
            "type" : "artifact-template-velocity",
            "file" : "Templates/vf-module-1-template.vtl"
          },
          "vf-module-1-mapping" : {
            "type" : "artifact-mapping-resource",
            "file" : "Definitions/vf-module-1-mapping.json"
          },
          "vf-module-2-template" : {
            "type" : "artifact-template-velocity",
            "file" : "Templates/vf-module-2-template.vtl"
          },
          "vf-module-2-mapping" : {
            "type" : "artifact-mapping-resource",
            "file" : "Definitions/vf-module-2-mapping.json"
          },
          "vnf-1-template" : {
            "type" : "artifact-template-velocity",
            "file" : "Templates/vnf-1-template.vtl"
          },
          "vnf-1-mapping" : {
            "type" : "artifact-mapping-resource",
            "file" : "Definitions/vnf-1-mapping.json"
          }
        }
      },
      "config-deploy-process" : {
        "type" : "dg-generic",
        "properties" : {
          "content" : {
            "get_artifact" : [ "SELF", "dg-config-deploy-process" ]
          },
          "dependency-node-templates" : [ "config-deploy" ]
        },
        "artifacts" : {
          "dg-config-deploy-process" : {
            "type" : "artifact-directed-graph",
            "file" : "Plans/ConfigDeploy.xml"
          }
        }
      },
      "config-deploy" : {
        "type" : "component-netconf-executor",
        "requirements" : {
          "netconf-connection" : {
            "capability" : "netconf",
            "node" : "netconf-device",
            "relationship" : "tosca.relationships.ConnectsTo"
          }
        },
        "interfaces" : {
          "ComponentNetconfExecutor" : {
            "operations" : {
              "process" : {
                "inputs" : {
                  "script-type" : "jython",
                  "script-class-reference" : "Scripts/python/NetconfRpcExample.py",
                  "instance-dependencies" : [ ],
                  "dynamic-properties": "*config-deploy-properties"
                },
                "outputs" : {
                  "response-data" : "",
                  "status" : "SUCCESS"
                }
              }
            }
          }
        },
        "artifacts" : {
          "hostname-template" : {
            "type" : "artifact-template-velocity",
            "file" : "Templates/hostname-template.vtl"
          },
          "hostname-mapping" : {
            "type" : "artifact-mapping-resource",
            "file" : "Definitions/hostname-mapping.json"
          }
        }
      },
      "netconf-device" : {
        "type" : "vnf-netconf-device",
        "capabilities" : {
          "netconf" : {
            "properties" : {
              "login-key" : {
                "get_input" : "password"
              },
              "login-account" : {
                "get_input" : "username"
              },
              "target-ip-address" : {
                "get_input" : "ip"
              },
              "port-number" : 830,
              "connection-time-out" : 5
            }
          }
        }
      }
    }
  }
}