{
  "vf-module-type": {
    "name": "vf-module-type",
    "tags": "vf-module-type",
    "property": {
      "description": "vf-module-type",
      "type": "string"
    },
    "updated-by": "adetalhouet",
    "sources": {
      "primary-db": {
        "type": "source-primary-db",
        "properties": {
          "type": "SQL",
          "query": "select sdnctl.demo.value as value from sdnctl.demo where sdnctl.demo.id=:vfmoduleid",
          "input-key-mapping": {
            "vfmoduleid": "vf-module-number"
          },
          "output-key-mapping": {
            "vf-module-type": "value"
          },
          "key-dependencies": [
            "vf-module-number"
          ]
        }
      }
    }
  },
  "hostname": {
    "tags": "hostname",
    "name": "hostname",
    "property": {
      "description": "hostname",
      "type": "string"
    },
    "updated-by": "adetalhouet",
    "sources": {
      "input": {
        "type": "source-input"
      }
    }
  },
  "result": {
    "tags": "result",
    "name": "result",
    "property": {
      "description": "result",
      "type": "string"
    },
    "updated-by": "adetalhouet",
    "sources": {
      "capability": {
        "type": "source-capability",
        "properties": {
          "script-type": "jython",
          "script-class-reference": "SampleRAProcessor",
          "instance-dependencies": [
            
          ]
        }
      }
    }
  }
}