{
  "metadata": {
    "template_author": "Brinda Santh Muthuramalingam",
    "author-email": "brindasanth@in.ibm.com",
    "user-groups": "ADMIN, OPERATION",
    "template_name": "baseconfiguration4",
    "template_version": "1.0.0",
    "template_tags": "brinda, tosca"
  },
  "imports": [
    {
      "file": "Definitions/data_types.json"
    },
    {
      "file": "Definitions/node_types.json"
    },
    {
      "file": "Definitions/artifact_types.json"
    }
  ],
  "topology_template": {
    "inputs": {
      "request-id": {
        "required": true,
        "type": "string"
      },
      "action-name": {
        "required": true,
        "type": "string"
      },
      "scope-type": {
        "required": true,
        "type": "string"
      },
      "hostname": {
        "required": true,
        "type": "string"
      }
    },
    "node_templates": {
      "resource-assignment-process": {
        "type": "dg-activate",
        "properties": {
          "process-name": {
            "get_input": "action-name"
          },
          "version": {
            "get_property": [
              "SELF",
              "process-name"
            ]
          },
          "content": {
            "get_artifact": [
              "SELF",
              "dg-resource-assignment-process"
            ]
          }
        },
        "artifacts": {
          "dg-resource-assignment-process": {
            "type": "artifact-directed-graph",
            "file": "Plans/CONFIG_ResourceAssignment_1.0.0.xml"
          }
        }
      },
      "activate-process": {
        "type": "dg-activate",
        "properties": {
          "process-name": {
            "get_input": "action-name"
          },
          "version": {
            "get_property": [
              "SELF",
              "process-name"
            ]
          },
          "content": {
            "get_artifact": [
              "SELF",
              "dg-activate-process"
            ]
          }
        },
        "artifacts": {
          "dg-activate-process": {
            "type": "artifact-directed-graph",
            "file": "Plans/CONFIG_ActivateNetconf_1.0.0.xml"
          }
        }
      },
      "assign-activate-process": {
        "type": "dg-activate",
        "properties": {
          "process-name": {
            "get_input": "action-name"
          },
          "version": {
            "get_property": [
              "SELF",
              "process-name"
            ]
          },
          "content": {
            "get_artifact": [
              "SELF",
              "dg-assign-activate-process"
            ]
          }
        },
        "artifacts": {
          "dg-assign-activate-process": {
            "type": "artifact-directed-graph",
            "file": "Plans/CONFIG_AssignActivateNetconf_1.0.0.xml"
          }
        }
      },
      "resource-assignment": {
        "type": "component-resource-resolution",
        "interfaces": {
          "ResourceResolutionComponent": {
            "operations": {
              "process": {
                "inputs": {
                  "action-name": {
                    "get_input": "action-name"
                  },
                  "resource-type": "vnf-type",
                  "request-id": {
                    "get_input": "request-id"
                  },
                  "resource-id": {
                    "get_input": "hostname"
                  },
                  "artifact-prefix-names": [
                    "baseconfig"
                  ]
                },
                "outputs": {
                  "resource-assignment-params": {
                    "get_attribute": [
                      "SELF",
                      "assignment-params"
                    ]
                  },
                  "status": "success"
                }
              }
            }
          }
        },
        "artifacts": {
          "baseconfig-template": {
            "type": "artifact-template-velocity",
            "file": "Templates/baseconfig-template.vtl"
          },
          "baseconfig-mapping": {
            "type": "artifact-mapping-resource",
            "file": "Definitions/baseconfig-mapping.json"
          }
        }
      },
      "resource-assignment-py": {
        "type": "component-resource-resolution",
        "interfaces": {
          "ResourceResolutionComponent": {
            "operations": {
              "process": {
                "implementation": {
                  "primary": "component-script"
                },
                "inputs": {
                  "action-name": {
                    "get_input": "action-name"
                  }
                },
                "outputs": {
                  "resource-assignment-params": "",
                  "status": ""
                }
              }
            }
          }
        },
        "artifacts": {
          "component-script": {
            "type": "artifact-script-jython",
            "file": "Scripts/python/SamplePythonComponentNode.py"
          }
        }
      },
      "activate-jython": {
        "type": "component-jython-executor",
        "interfaces": {
          "ComponentJythonExecutor": {
            "operations": {
              "process": {
                "implementation": {
                  "primary": "component-script"
                },
                "inputs": {
                  "instance-dependencies": [
                  ]
                },
                "outputs": {
                  "response-data": "",
                  "status": ""
                }
              }
            }
          }
        },
        "artifacts": {
          "component-script": {
            "type": "artifact-script-jython",
            "file": "Scripts/SamplePythonComponentNode.py"
          }
        }
      }
    },
    "workflows": {
      "resource-assignment": {
        "inputs": {
          "resource-assignment-properties": {
            "required": true,
            "type": "resource-assignment-properties"
          }
        },
        "steps": {
          "call-resource-assignment": {
            "description": "Resource Assignment Workflow",
            "target": "resource-assignment-process",
            "activities": [
              {
                "call_operation": "CONFIG.ResourceAssignment"
              }
            ]
          }
        }
      },
      "activate": {
        "inputs": {
          "activate-properties": {
            "required": true,
            "type": "activate-properties"
          }
        },
        "steps": {
          "activate-process": {
            "description": "Netconf Activation Workflow",
            "target": "activate-process",
            "activities": [
              {
                "call_operation": "CONFIG.ActivateProcess"
              }
            ]
          }
        }
      },
      "assign-activate": {
        "inputs": {
          "assign-activate-properties": {
            "required": true,
            "type": "assign-activate-properties"
          }
        },
        "steps": {
          "activate-process": {
            "description": "Resource Assign and Netconf Activation Workflow",
            "target": "assign-activate-process",
            "activities": [
              {
                "call_operation": "CONFIG.AssignActivateProcess"
              }
            ]
          }
        }
      }
    }
  }
}