{
  "node_types": {
    "dg-activate": {
      "description": "This is Generic Directed Graph Type",
      "version": "1.0.0",
      "properties": {
        "content": {
          "required": false,
          "type": "string"
        },
        "process-name": {
          "required": false,
          "type": "string"
        },
        "version": {
          "required": false,
          "type": "string",
          "default": "LATEST"
        }
      },
      "derived_from": "tosca.nodes.DG"
    },
    "tosca.nodes.Component": {
      "description": "This is Resource Assignment Component API",
      "version": "1.0.0",
      "derived_from": "tosca.nodes.Root"
    },
    "tosca.nodes.DG": {
      "description": "This is Directed Graph Node Type",
      "version": "1.0.0",
      "derived_from": "tosca.nodes.Root"
    },
    "tosca.nodes.component.Jython": {
      "description": "This is Resource Assignment Jython Component API",
      "version": "1.0.0",
      "derived_from": "tosca.nodes.Root"
    },
    "component-resource-resolution": {
  "description": "This is Resource Assignment Component API",
  "version": "1.0.0",
  "attributes": {
    "assignment-params": {
      "required": true,
      "type": "string"
    }
  },
  "capabilities": {
    "component-node": {
      "type": "tosca.capabilities.Node"
    }
  },
  "interfaces": {
    "ResourceAssignmentComponent": {
      "operations": {
        "process": {
          "inputs": {
            "template-name": {
              "description": "Service Template Name.",
              "required": true,
              "type": "string"
            },
            "template-version": {
              "description": "Service Template Version.",
              "required": true,
              "type": "string"
            },
            "resource-type": {
              "description": "Request type.",
              "required": true,
              "type": "string"
            },
            "template-names": {
              "description": "Name of the artifact Node Templates, to get the template Content.",
              "required": true,
              "type": "list",
              "entry_schema": {
                "type": "string"
              }
            },
            "artifact-prefix-names": {
              "required": false,
              "description": "Template , Resource Assignment Artifact Prefix names",
              "type": "list",
              "entry_schema": {
                "type": "string"
              }
            },
            "request-id": {
              "description": "Request Id, Unique Id for the request.",
              "required": true,
              "type": "string"
            },
            "resource-id": {
              "description": "Resource Id.",
              "required": true,
              "type": "string"
            },
            "action-name": {
              "description": "Action Name of the process",
              "required": true,
              "type": "string"
            }
          },
          "outputs": {
            "resource-assignment-params": {
              "required": true,
              "type": "string"
            },
            "status": {
              "required": true,
              "type": "string"
            }
          }
        }
      }
    }
  },
  "derived_from": "tosca.nodes.Component"
},
    "component-jython-executor": {
      "description": "This is Jython Execution Component.",
      "version": "1.0.0",
      "capabilities": {
        "component-node": {
          "type": "tosca.capabilities.Node"
        }
      },
      "interfaces": {
        "JythonExecutorComponent": {
          "operations": {
            "process": {
              "inputs": {
                "instance-dependencies": {
                  "required": true,
                  "description": "Instance Names to Inject to Jython Script.",
                  "type": "list",
                  "entry_schema": {
                    "type": "string"
                  }
                }
              },
              "outputs": {
                "response-data": {
                  "description": "Execution Response Data in JSON format.",
                  "required": false,
                  "type": "string"
                },
                "status": {
                  "description": "Status of the Component Execution ( success or failure )",
                  "required": true,
                  "type": "string"
                }
              }
            }
          }
        }
      },
      "derived_from": "tosca.nodes.component.Jython"
    }
  }
}