[
  {
    "name": "service-instance-id",
    "input-param": true,
    "property": {
      "type": "string"
    },
    "dictionary-name": "service-instance-id",
    "dictionary-source": "input",
    "dependencies": [
    ]
  },
  {
    "name": "vnf-id",
    "input-param": true,
    "property": {
      "type": "string"
    },
    "dictionary-name": "vnf-id",
    "dictionary-source": "input",
    "dependencies": []
  },
  {
    "name": "vnf_name",
    "input-param": false,
    "property": {
      "type": "string"
    },
    "dictionary-name": "vnf_name",
    "dictionary-source": "primary-config-data",
    "dependencies": [
      "service-instance-id",
      "vnf-id"
    ]
  }
]
